chain,resnum,resname,present_in
A,913,ARG,all_replicas
A,914,ARG,all_replicas
A,917,LEU,all_replicas
A,938,PRO,all_replicas
A,940,VAL,all_replicas
A,953,VAL,all_replicas
A,956,GLU,all_replicas
B,214,ARG,all_replicas
B,218,ILE,all_replicas
B,230,PRO,all_replicas
B,238,SER,all_replicas
B,239,ARG,all_replicas
B,240,ALA,all_replicas
B,245,LYS,all_replicas
B,248,GLU,all_replicas
B,249,TYR,all_replicas
B,252,TYR,all_replicas
B,254,ARG,all_replicas
B,257,ASN,all_replicas
A,916,GLU,2_of_3_replicas
A,930,GLU,2_of_3_replicas
A,939,LYS,2_of_3_replicas
A,945,LYS,2_of_3_replicas
A,948,ALA,2_of_3_replicas
A,949,TYR,2_of_3_replicas
A,952,SER,2_of_3_replicas
A,960,LEU,2_of_3_replicas
B,215,ARG,2_of_3_replicas
B,217,HSD,2_of_3_replicas
B,229,VAL,2_of_3_replicas
B,232,LEU,2_of_3_replicas
B,258,HSD,2_of_3_replicas
